{
  "navigationBarTitleText": "产品详情",
  "usingComponents": {
    "mp-navigation-bar": "weui-miniprogram/navigation-bar/navigation-bar",
    "van-collapse": "/miniprogram_npm/@vant/weapp/collapse/index",
    "van-collapse-item": "/miniprogram_npm/@vant/weapp/collapse-item/index",
    "van-icon": "/miniprogram_npm/@vant/weapp/icon/index",
    "van-cell": "/miniprogram_npm/@vant/weapp/cell/index",
    "van-cell-group": "/miniprogram_npm/@vant/weapp/cell-group/index",
    "van-tab": "@vant/weapp/tab/index",
    "van-tabs": "@vant/weapp/tabs/index",
    "parser": "/components/parser/parser",
    "van-popup": "@vant/weapp/popup/index",
    "van-button": "@vant/weapp/button/index"
  }
}